<?xml version="1.0" encoding="UTF-8"?>
<GenRun Id="synth_1" LaunchPart="xc7a35tcsg324-1" LaunchTime="1704199412">
  <File Type="PA-TCL" Name="Main.tcl"/>
  <File Type="RDS-PROPCONSTRS" Name="Main_drc_synth.rpt"/>
  <File Type="REPORTS-TCL" Name="Main_reports.tcl"/>
  <File Type="RDS-RDS" Name="Main.vds"/>
  <File Type="RDS-UTIL" Name="Main_utilization_synth.rpt"/>
  <File Type="RDS-UTIL-PB" Name="Main_utilization_synth.pb"/>
  <File Type="RDS-DCP" Name="Main.dcp"/>
  <File Type="VDS-TIMINGSUMMARY" Name="Main_timing_summary_synth.rpt"/>
  <File Type="VDS-TIMING-PB" Name="Main_timing_summary_synth.pb"/>
  <FileSet Name="sources" Type="DesignSrcs" RelSrcDir="$PSRCDIR/sources_1">
    <Filter Type="Srcs"/>
    <File Path="$PSRCDIR/sources_1/new/constants.v">
      <FileInfo>
        <Attr Name="ImportPath" Val="$PPRDIR/../MiniPiano_wzy_cjy/MiniPiano_wzy_cjy.srcs/sources_1/new/constants.v"/>
        <Attr Name="ImportTime" Val="1703155185"/>
        <Attr Name="UsedIn" Val="synthesis"/>
        <Attr Name="UsedIn" Val="implementation"/>
        <Attr Name="UsedIn" Val="simulation"/>
      </FileInfo>
    </File>
    <File Path="$PSRCDIR/sources_1/new/Auto_play.v">
      <FileInfo>
        <Attr Name="ImportPath" Val="$PPRDIR/../MiniPiano_wzy_cjy/MiniPiano_wzy_cjy.srcs/sources_1/new/Auto_play.v"/>
        <Attr Name="ImportTime" Val="1703173431"/>
        <Attr Name="UsedIn" Val="synthesis"/>
        <Attr Name="UsedIn" Val="implementation"/>
        <Attr Name="UsedIn" Val="simulation"/>
      </FileInfo>
    </File>
    <File Path="$PSRCDIR/sources_1/new/Buzzer.v">
      <FileInfo>
        <Attr Name="ImportPath" Val="$PPRDIR/../MiniPiano_wzy_cjy/MiniPiano_wzy_cjy.srcs/sources_1/new/Buzzer.v"/>
        <Attr Name="ImportTime" Val="1703174897"/>
        <Attr Name="UsedIn" Val="synthesis"/>
        <Attr Name="UsedIn" Val="implementation"/>
        <Attr Name="UsedIn" Val="simulation"/>
      </FileInfo>
    </File>
    <File Path="$PSRCDIR/sources_1/new/Change_mode.v">
      <FileInfo>
        <Attr Name="ImportPath" Val="$PPRDIR/../MiniPiano_wzy_cjy/MiniPiano_wzy_cjy.srcs/sources_1/new/Change_mode.v"/>
        <Attr Name="ImportTime" Val="1703258297"/>
        <Attr Name="UsedIn" Val="synthesis"/>
        <Attr Name="UsedIn" Val="implementation"/>
        <Attr Name="UsedIn" Val="simulation"/>
      </FileInfo>
    </File>
    <File Path="$PSRCDIR/sources_1/new/Free_mode.v">
      <FileInfo>
        <Attr Name="ImportPath" Val="$PPRDIR/../MiniPiano_wzy_cjy/MiniPiano_wzy_cjy.srcs/sources_1/new/Free_mode.v"/>
        <Attr Name="ImportTime" Val="1703212034"/>
        <Attr Name="UsedIn" Val="synthesis"/>
        <Attr Name="UsedIn" Val="implementation"/>
        <Attr Name="UsedIn" Val="simulation"/>
      </FileInfo>
    </File>
    <File Path="$PSRCDIR/sources_1/new/Learning_mode.v">
      <FileInfo>
        <Attr Name="ImportPath" Val="$PPRDIR/../MiniPiano_wzy_cjy/MiniPiano_wzy_cjy.srcs/sources_1/new/Learning_mode.v"/>
        <Attr Name="ImportTime" Val="1703252394"/>
        <Attr Name="UsedIn" Val="synthesis"/>
        <Attr Name="UsedIn" Val="implementation"/>
        <Attr Name="UsedIn" Val="simulation"/>
      </FileInfo>
    </File>
    <File Path="$PSRCDIR/sources_1/new/Led.v">
      <FileInfo>
        <Attr Name="UsedIn" Val="synthesis"/>
        <Attr Name="UsedIn" Val="implementation"/>
        <Attr Name="UsedIn" Val="simulation"/>
      </FileInfo>
    </File>
    <File Path="$PSRCDIR/sources_1/new/Light_seg.v">
      <FileInfo>
        <Attr Name="ImportPath" Val="$PPRDIR/../MiniPiano_wzy_cjy/MiniPiano_wzy_cjy.srcs/sources_1/new/Light_seg.v"/>
        <Attr Name="ImportTime" Val="1703165056"/>
        <Attr Name="UsedIn" Val="synthesis"/>
        <Attr Name="UsedIn" Val="implementation"/>
        <Attr Name="UsedIn" Val="simulation"/>
      </FileInfo>
    </File>
    <File Path="$PSRCDIR/sources_1/new/counter.v">
      <FileInfo>
        <Attr Name="ImportPath" Val="$PPRDIR/../MiniPiano_wzy_cjy/MiniPiano_wzy_cjy.srcs/sources_1/new/counter.v"/>
        <Attr Name="ImportTime" Val="1703161017"/>
        <Attr Name="UsedIn" Val="synthesis"/>
        <Attr Name="UsedIn" Val="implementation"/>
        <Attr Name="UsedIn" Val="simulation"/>
      </FileInfo>
    </File>
    <File Path="$PSRCDIR/sources_1/new/dff.v">
      <FileInfo>
        <Attr Name="ImportPath" Val="$PPRDIR/../MiniPiano_wzy_cjy/MiniPiano_wzy_cjy.srcs/sources_1/new/dff.v"/>
        <Attr Name="ImportTime" Val="1703168841"/>
        <Attr Name="UsedIn" Val="synthesis"/>
        <Attr Name="UsedIn" Val="implementation"/>
        <Attr Name="UsedIn" Val="simulation"/>
      </FileInfo>
    </File>
    <File Path="$PSRCDIR/sources_1/new/divider.v">
      <FileInfo>
        <Attr Name="UsedIn" Val="synthesis"/>
        <Attr Name="UsedIn" Val="implementation"/>
        <Attr Name="UsedIn" Val="simulation"/>
      </FileInfo>
    </File>
    <File Path="$PSRCDIR/sources_1/new/rank.v">
      <FileInfo>
        <Attr Name="ImportPath" Val="$PPRDIR/../MiniPiano_wzy_cjy/MiniPiano_wzy_cjy.srcs/sources_1/new/rank.v"/>
        <Attr Name="ImportTime" Val="1702994379"/>
        <Attr Name="UsedIn" Val="synthesis"/>
        <Attr Name="UsedIn" Val="implementation"/>
        <Attr Name="UsedIn" Val="simulation"/>
      </FileInfo>
    </File>
    <File Path="$PSRCDIR/sources_1/new/xiaoDou2.v">
      <FileInfo>
        <Attr Name="ImportPath" Val="$PPRDIR/../MiniPiano_wzy_cjy/MiniPiano_wzy_cjy.srcs/sources_1/new/xiaoDou2.v"/>
        <Attr Name="ImportTime" Val="1703258245"/>
        <Attr Name="UsedIn" Val="synthesis"/>
        <Attr Name="UsedIn" Val="implementation"/>
        <Attr Name="UsedIn" Val="simulation"/>
      </FileInfo>
    </File>
    <File Path="$PSRCDIR/sources_1/new/Main.v">
      <FileInfo>
        <Attr Name="ImportPath" Val="$PPRDIR/../MiniPiano_wzy_cjy/MiniPiano_wzy_cjy.srcs/sources_1/new/Main.v"/>
        <Attr Name="ImportTime" Val="1703208987"/>
        <Attr Name="UsedIn" Val="synthesis"/>
        <Attr Name="UsedIn" Val="implementation"/>
        <Attr Name="UsedIn" Val="simulation"/>
      </FileInfo>
    </File>
    <Config>
      <Option Name="DesignMode" Val="RTL"/>
      <Option Name="TopModule" Val="Main"/>
    </Config>
  </FileSet>
  <FileSet Name="constrs_in" Type="Constrs" RelSrcDir="$PSRCDIR/constrs_1">
    <Filter Type="Constrs"/>
    <File Path="$PSRCDIR/constrs_1/new/constraints.xdc">
      <FileInfo>
        <Attr Name="ImportPath" Val="$PPRDIR/../MiniPiano_wzy_cjy/MiniPiano_wzy_cjy.srcs/constrs_1/new/constraints.xdc"/>
        <Attr Name="ImportTime" Val="1703243594"/>
        <Attr Name="UsedIn" Val="synthesis"/>
        <Attr Name="UsedIn" Val="implementation"/>
      </FileInfo>
    </File>
    <Config>
      <Option Name="ConstrsType" Val="XDC"/>
    </Config>
  </FileSet>
  <Strategy Version="1" Minor="2">
    <StratHandle Name="Vivado Synthesis Defaults" Flow="Vivado Synthesis 2017"/>
    <Step Id="synth_design"/>
  </Strategy>
</GenRun>
